{"cameraMode":{"drawMode":0,"name":"Shaded","section":"Shading Mode"},"sceneLighting":false,"audioPlay":false,"sceneViewState":{"showFog":true,"showMaterialUpdate":false,"showSkybox":true,"showFlares":true,"showImageEffects":true,"showParticleSystems":true},"in2DMode":false,"pivot":{"x":849.2249755859375,"y":430.8900146484375,"z":0.0},"rotation":{"x":0.05985111743211746,"y":-0.061351124197244647,"z":0.003685746807605028,"w":0.9963133931159973},"size":591.5302124023438,"orthographic":false}