{"cameraMode":{"drawMode":0,"name":"Shaded","section":"Shading Mode"},"sceneLighting":false,"audioPlay":false,"sceneViewState":{"showFog":true,"showMaterialUpdate":false,"showSkybox":true,"showFlares":true,"showImageEffects":true,"showParticleSystems":true},"in2DMode":false,"pivot":{"x":2.867422342300415,"y":10.9110107421875,"z":6.470583915710449},"rotation":{"x":0.000414007663493976,"y":0.973091721534729,"z":-0.2304111272096634,"w":0.0017488028388470412},"size":22.618728637695314,"orthographic":false}