{"cameraMode":{"drawMode":0,"name":"Shaded","section":"Shading Mode"},"sceneLighting":false,"audioPlay":false,"sceneViewState":{"showFog":true,"showMaterialUpdate":false,"showSkybox":true,"showFlares":true,"showImageEffects":true,"showParticleSystems":true},"in2DMode":false,"pivot":{"x":0.689196765422821,"y":3.2168118953704836,"z":2.707104206085205},"rotation":{"x":-0.2860528230667114,"y":0.12800535559654237,"z":-0.03859022259712219,"w":-0.9488410353660584},"size":14.42342758178711,"orthographic":false}