{"cameraMode":{"drawMode":0,"name":"Shaded","section":"Shading Mode"},"sceneLighting":false,"audioPlay":false,"sceneViewState":{"showFog":true,"showMaterialUpdate":false,"showSkybox":true,"showFlares":true,"showImageEffects":true,"showParticleSystems":true},"in2DMode":false,"pivot":{"x":2.4768049716949465,"y":4.646477699279785,"z":3.461322546005249},"rotation":{"x":0.002535930834710598,"y":0.9828776717185974,"z":-0.18374210596084596,"w":0.013565657660365105},"size":19.02841567993164,"orthographic":false}