{"cameraMode":{"drawMode":0,"name":"Shaded","section":"Shading Mode"},"sceneLighting":false,"audioPlay":false,"sceneViewState":{"showFog":true,"showMaterialUpdate":false,"showSkybox":true,"showFlares":true,"showImageEffects":true,"showParticleSystems":true},"in2DMode":false,"pivot":{"x":-5.416996479034424,"y":6.281491756439209,"z":0.6083938479423523},"rotation":{"x":-0.3574003577232361,"y":-0.2800711989402771,"z":0.11326603591442108,"w":-0.8837397694587708},"size":5.985789775848389,"orthographic":false}