{"cameraMode":{"drawMode":0,"name":"Shaded","section":"Shading Mode"},"sceneLighting":false,"audioPlay":false,"sceneViewState":{"showFog":true,"showMaterialUpdate":false,"showSkybox":true,"showFlares":true,"showImageEffects":true,"showParticleSystems":true},"in2DMode":false,"pivot":{"x":53.48999786376953,"y":16.220001220703126,"z":28.959999084472658},"rotation":{"x":-0.1923762857913971,"y":0.04619480296969414,"z":-0.009066431783139706,"w":-0.9801914691925049},"size":10.45462703704834,"orthographic":false}