{"cameraMode":{"drawMode":0,"name":"Shaded","section":"Shading Mode"},"sceneLighting":false,"audioPlay":false,"sceneViewState":{"showFog":true,"showMaterialUpdate":false,"showSkybox":true,"showFlares":true,"showImageEffects":true,"showParticleSystems":true},"in2DMode":false,"pivot":{"x":-0.617047131061554,"y":4.258756637573242,"z":7.769301414489746},"rotation":{"x":-0.22323885560035706,"y":0.46995243430137637,"z":-0.1241673082113266,"w":-0.8449211120605469},"size":4.5907816886901859,"orthographic":false}