{"cameraMode":{"drawMode":0,"name":"Shaded","section":"Shading Mode"},"sceneLighting":false,"audioPlay":false,"sceneViewState":{"showFog":true,"showMaterialUpdate":false,"showSkybox":true,"showFlares":true,"showImageEffects":true,"showParticleSystems":true},"in2DMode":false,"pivot":{"x":0.5912561416625977,"y":2.237154960632324,"z":-0.7794895172119141},"rotation":{"x":-0.4525405466556549,"y":-0.024876099079847337,"z":0.012630284763872624,"w":-0.8913073539733887},"size":65.92376708984375,"orthographic":false}