{"cameraMode":{"drawMode":0,"name":"Shaded","section":"Shading Mode"},"sceneLighting":false,"audioPlay":false,"sceneViewState":{"showFog":true,"showMaterialUpdate":false,"showSkybox":true,"showFlares":true,"showImageEffects":true,"showParticleSystems":true},"in2DMode":false,"pivot":{"x":3.215085506439209,"y":5.897689342498779,"z":-0.4991205334663391},"rotation":{"x":-0.15015625953674317,"y":0.11744949221611023,"z":-0.017968257889151574,"w":-0.9814968109130859},"size":7.272353172302246,"orthographic":false}