{"cameraMode":{"drawMode":0,"name":"Shaded","section":"Shading Mode"},"sceneLighting":false,"audioPlay":false,"sceneViewState":{"showFog":true,"showMaterialUpdate":false,"showSkybox":true,"showFlares":true,"showImageEffects":true,"showParticleSystems":true},"in2DMode":false,"pivot":{"x":-0.006878504529595375,"y":4.826765060424805,"z":-5.615826606750488},"rotation":{"x":-0.22531522810459138,"y":-0.7064008116722107,"z":0.25674426555633547,"w":-0.6199301481246948},"size":14.90038776397705,"orthographic":false}