{"cameraMode":{"drawMode":0,"name":"Shaded","section":"Shading Mode"},"sceneLighting":false,"audioPlay":false,"sceneViewState":{"showFog":true,"showMaterialUpdate":false,"showSkybox":true,"showFlares":true,"showImageEffects":true,"showParticleSystems":true},"in2DMode":false,"pivot":{"x":5.183642387390137,"y":5.561617851257324,"z":38.39240646362305},"rotation":{"x":-0.3107745349407196,"y":0.2570880055427551,"z":-0.08771717548370362,"w":-0.910840630531311},"size":2.085787534713745,"orthographic":false}