{"cameraMode":{"drawMode":0,"name":"Shaded","section":"Shading Mode"},"sceneLighting":false,"audioPlay":false,"sceneViewState":{"showFog":true,"showMaterialUpdate":false,"showSkybox":true,"showFlares":true,"showImageEffects":true,"showParticleSystems":true},"in2DMode":false,"pivot":{"x":1.9957020282745362,"y":-0.09203331172466278,"z":-1.0848313570022584},"rotation":{"x":0.008184852078557015,"y":-0.9902064800262451,"z":0.1227247565984726,"w":0.06605168431997299},"size":17.909650802612306,"orthographic":false}