{"cameraMode":{"drawMode":0,"name":"Shaded","section":"Shading Mode"},"sceneLighting":false,"audioPlay":false,"sceneViewState":{"showFog":true,"showMaterialUpdate":false,"showSkybox":true,"showFlares":true,"showImageEffects":true,"showParticleSystems":true},"in2DMode":false,"pivot":{"x":-17.99863052368164,"y":3.1407346725463869,"z":17.01844024658203},"rotation":{"x":-0.04929027706384659,"y":-0.9498660564422607,"z":0.19681316614151,"w":-0.23788543045520783},"size":12.165313720703125,"orthographic":false}