{"cameraMode":{"drawMode":0,"name":"Shaded","section":"Shading Mode"},"sceneLighting":false,"audioPlay":false,"sceneViewState":{"showFog":true,"showMaterialUpdate":false,"showSkybox":true,"showFlares":true,"showImageEffects":true,"showParticleSystems":true},"in2DMode":false,"pivot":{"x":6.0096611976623539,"y":3.047488212585449,"z":0.7848272323608398},"rotation":{"x":-0.017129313200712205,"y":0.981296956539154,"z":-0.16068758070468903,"w":-0.10460632294416428},"size":45.01811218261719,"orthographic":false}