{"cameraMode":{"drawMode":0,"name":"Shaded","section":"Shading Mode"},"sceneLighting":false,"audioPlay":false,"sceneViewState":{"showFog":true,"showMaterialUpdate":false,"showSkybox":true,"showFlares":true,"showImageEffects":true,"showParticleSystems":true},"in2DMode":false,"pivot":{"x":0.3899993300437927,"y":3.074247360229492,"z":-1.0870232582092286},"rotation":{"x":-0.1017431914806366,"y":-0.5426364541053772,"z":0.0664280578494072,"w":-0.8311325907707214},"size":28.66657829284668,"orthographic":false}