{"cameraMode":{"drawMode":0,"name":"Shaded","section":"Shading Mode"},"sceneLighting":false,"audioPlay":false,"sceneViewState":{"showFog":true,"showMaterialUpdate":false,"showSkybox":true,"showFlares":true,"showImageEffects":true,"showParticleSystems":true},"in2DMode":false,"pivot":{"x":3.379891872406006,"y":6.771658420562744,"z":-0.1734102964401245},"rotation":{"x":-0.1017431914806366,"y":-0.5426364541053772,"z":0.0664280578494072,"w":-0.8311325907707214},"size":5.821841716766357,"orthographic":false}