{"cameraMode":{"drawMode":0,"name":"Shaded","section":"Shading Mode"},"sceneLighting":false,"audioPlay":false,"sceneViewState":{"showFog":true,"showMaterialUpdate":false,"showSkybox":true,"showFlares":true,"showImageEffects":true,"showParticleSystems":true},"in2DMode":false,"pivot":{"x":-4.784298419952393,"y":6.217180252075195,"z":0.3270530104637146},"rotation":{"x":-0.24618099629878999,"y":0.29295164346694949,"z":-0.0783422663807869,"w":-0.920563280582428},"size":3.7578837871551515,"orthographic":false}