{"cameraMode":{"drawMode":0,"name":"Shaded","section":"Shading Mode"},"sceneLighting":false,"audioPlay":false,"sceneViewState":{"showFog":true,"showMaterialUpdate":false,"showSkybox":true,"showFlares":true,"showImageEffects":true,"showParticleSystems":true},"in2DMode":false,"pivot":{"x":0.033190611749887469,"y":2.6250698566436769,"z":-1.2076127529144288},"rotation":{"x":-0.01088620163500309,"y":-0.9837018847465515,"z":0.06384281814098358,"w":-0.16773855686187745},"size":12.236801147460938,"orthographic":false}