{"cameraMode":{"drawMode":0,"name":"Shaded","section":"Shading Mode"},"sceneLighting":false,"audioPlay":false,"sceneViewState":{"showFog":true,"showMaterialUpdate":false,"showSkybox":true,"showFlares":true,"showImageEffects":true,"showParticleSystems":true},"in2DMode":false,"pivot":{"x":-0.5474057197570801,"y":1.5510332584381104,"z":-0.007880792021751404},"rotation":{"x":-0.13530433177947999,"y":0.8215296864509583,"z":-0.2183770388364792,"w":-0.50901198387146},"size":2.719989061355591,"orthographic":false}