{"cameraMode":{"drawMode":0,"name":"Shaded","section":"Shading Mode"},"sceneLighting":false,"audioPlay":false,"sceneViewState":{"showFog":true,"showMaterialUpdate":false,"showSkybox":true,"showFlares":true,"showImageEffects":true,"showParticleSystems":true},"in2DMode":false,"pivot":{"x":0.9875316619873047,"y":2.570802688598633,"z":0.6871509552001953},"rotation":{"x":-0.018303630873560907,"y":0.023090828210115434,"z":-0.000422809855081141,"w":-0.9995657205581665},"size":57.04901123046875,"orthographic":false}