{"cameraMode":{"drawMode":0,"name":"Shaded","section":"Shading Mode"},"sceneLighting":false,"audioPlay":false,"sceneViewState":{"showFog":true,"showMaterialUpdate":false,"showSkybox":true,"showFlares":true,"showImageEffects":true,"showParticleSystems":true},"in2DMode":false,"pivot":{"x":-16.540000915527345,"y":3.057828903198242,"z":16.322341918945314},"rotation":{"x":-0.018303630873560907,"y":0.023090828210115434,"z":-0.000422809855081141,"w":-0.9995657205581665},"size":55.19675827026367,"orthographic":false}