{"cameraMode":{"drawMode":0,"name":"Shaded","section":"Shading Mode"},"sceneLighting":false,"audioPlay":false,"sceneViewState":{"showFog":true,"showMaterialUpdate":false,"showSkybox":true,"showFlares":true,"showImageEffects":true,"showParticleSystems":true},"in2DMode":false,"pivot":{"x":3.5704712867736818,"y":4.756341934204102,"z":0.43036767840385439},"rotation":{"x":-0.011273500509560109,"y":-0.9867990016937256,"z":0.0789240226149559,"w":-0.14096707105636598},"size":8.299159049987793,"orthographic":false}