{"cameraMode":{"drawMode":0,"name":"Shaded","section":"Shading Mode"},"sceneLighting":false,"audioPlay":false,"sceneViewState":{"showFog":true,"showMaterialUpdate":false,"showSkybox":true,"showFlares":true,"showImageEffects":true,"showParticleSystems":true},"in2DMode":false,"pivot":{"x":0.07476982474327088,"y":0.0,"z":0.3839418590068817},"rotation":{"x":-0.2739841938018799,"y":-0.1444428414106369,"z":0.04166187718510628,"w":-0.9499122500419617},"size":7.069242000579834,"orthographic":false}