{"cameraMode":{"drawMode":0,"name":"Shaded","section":"Shading Mode"},"sceneLighting":false,"audioPlay":false,"sceneViewState":{"showFog":true,"showMaterialUpdate":false,"showSkybox":true,"showFlares":true,"showImageEffects":true,"showParticleSystems":true},"in2DMode":false,"pivot":{"x":4.859352111816406,"y":5.780950546264648,"z":37.78206253051758},"rotation":{"x":-0.19839881360530854,"y":0.02851346880197525,"z":-0.005774283781647682,"w":-0.9796895384788513},"size":21.084980010986329,"orthographic":false}