{"cameraMode":{"drawMode":0,"name":"Shaded","section":"Shading Mode"},"sceneLighting":false,"audioPlay":false,"sceneViewState":{"showFog":true,"showMaterialUpdate":false,"showSkybox":true,"showFlares":true,"showImageEffects":true,"showParticleSystems":true},"in2DMode":false,"pivot":{"x":1.2982501983642579,"y":0.1144556999206543,"z":0.34492969512939455},"rotation":{"x":-0.02584562823176384,"y":0.9065216183662415,"z":-0.056103069335222247,"w":-0.4176158905029297},"size":34.485443115234378,"orthographic":false}