{"cameraMode":{"drawMode":0,"name":"Shaded","section":"Shading Mode"},"sceneLighting":false,"audioPlay":false,"sceneViewState":{"showFog":true,"showMaterialUpdate":false,"showSkybox":true,"showFlares":true,"showImageEffects":true,"showParticleSystems":true},"in2DMode":false,"pivot":{"x":0.026567554101347925,"y":0.5877160429954529,"z":0.7533424496650696},"rotation":{"x":-0.13098455965518952,"y":-0.11807873100042343,"z":0.015715142711997033,"w":-0.984201967716217},"size":3.1401169300079347,"orthographic":false}