{"cameraMode":{"drawMode":0,"name":"Shaded","section":"Shading Mode"},"sceneLighting":false,"audioPlay":false,"sceneViewState":{"showFog":true,"showMaterialUpdate":false,"showSkybox":true,"showFlares":true,"showImageEffects":true,"showParticleSystems":true},"in2DMode":false,"pivot":{"x":0.5912561416625977,"y":2.237154960632324,"z":-0.7794895172119141},"rotation":{"x":-0.018303630873560907,"y":0.023090828210115434,"z":-0.000422809855081141,"w":-0.9995657205581665},"size":65.92376708984375,"orthographic":false}