{"cameraMode":{"drawMode":0,"name":"Shaded","section":"Shading Mode"},"sceneLighting":false,"audioPlay":false,"sceneViewState":{"showFog":true,"showMaterialUpdate":false,"showSkybox":true,"showFlares":true,"showImageEffects":true,"showParticleSystems":true},"in2DMode":false,"pivot":{"x":-5.2318949699401859,"y":6.003163814544678,"z":0.5957885980606079},"rotation":{"x":0.05492154136300087,"y":0.8229051232337952,"z":-0.08074567466974259,"w":0.5597240328788757},"size":12.558432579040528,"orthographic":false}