{"cameraMode":{"drawMode":0,"name":"Shaded","section":"Shading Mode"},"sceneLighting":false,"audioPlay":false,"sceneViewState":{"showFog":true,"showMaterialUpdate":false,"showSkybox":true,"showFlares":true,"showImageEffects":true,"showParticleSystems":true},"in2DMode":false,"pivot":{"x":-0.44420158863067629,"y":4.361812591552734,"z":7.759382247924805},"rotation":{"x":0.1964031606912613,"y":-0.05553491413593292,"z":0.011141413822770119,"w":0.9788859486579895},"size":2.8578836917877199,"orthographic":false}