{"cameraMode":{"drawMode":0,"name":"Shaded","section":"Shading Mode"},"sceneLighting":false,"audioPlay":false,"sceneViewState":{"showFog":true,"showMaterialUpdate":false,"showSkybox":true,"showFlares":true,"showImageEffects":true,"showParticleSystems":true},"in2DMode":false,"pivot":{"x":-0.01979351043701172,"y":2.78480863571167,"z":-2.1971747875213625},"rotation":{"x":0.004797926638275385,"y":-0.986186146736145,"z":0.1630074828863144,"w":0.029024876654148103},"size":12.772157669067383,"orthographic":false}