{"cameraMode":{"drawMode":0,"name":"Shaded","section":"Shading Mode"},"sceneLighting":false,"audioPlay":false,"sceneViewState":{"showFog":true,"showMaterialUpdate":false,"showSkybox":true,"showFlares":true,"showImageEffects":true,"showParticleSystems":true},"in2DMode":false,"pivot":{"x":0.37384718656539919,"y":1.2463364601135255,"z":2.710484504699707},"rotation":{"x":-0.13249124586582185,"y":0.6248131990432739,"z":-0.10867498070001602,"w":-0.7617377638816834},"size":21.13836097717285,"orthographic":false}