{"cameraMode":{"drawMode":0,"name":"Shaded","section":"Shading Mode"},"sceneLighting":false,"audioPlay":false,"sceneViewState":{"showFog":true,"showMaterialUpdate":false,"showSkybox":true,"showFlares":true,"showImageEffects":true,"showParticleSystems":true},"in2DMode":false,"pivot":{"x":1.2982501983642579,"y":0.1144556999206543,"z":7.4149298667907719},"rotation":{"x":0.20767101645469666,"y":-0.5629835724830627,"z":0.14874686300754548,"w":0.7860004305839539},"size":7.206934452056885,"orthographic":false}