{"cameraMode":{"drawMode":0,"name":"Shaded","section":"Shading Mode"},"sceneLighting":false,"audioPlay":false,"sceneViewState":{"showFog":true,"showMaterialUpdate":false,"showSkybox":true,"showFlares":true,"showImageEffects":true,"showParticleSystems":true},"in2DMode":false,"pivot":{"x":344.70855712890627,"y":286.642822265625,"z":44.914581298828128},"rotation":{"x":0.01618761569261551,"y":0.011963849887251854,"z":0.00019485728989820927,"w":-0.9997974038124085},"size":896.8424072265625,"orthographic":false}