{"cameraMode":{"drawMode":0,"name":"Shaded","section":"Shading Mode"},"sceneLighting":false,"audioPlay":false,"sceneViewState":{"showFog":true,"showMaterialUpdate":false,"showSkybox":true,"showFlares":true,"showImageEffects":true,"showParticleSystems":true},"in2DMode":false,"pivot":{"x":-16.6301212310791,"y":5.17921781539917,"z":16.639921188354493},"rotation":{"x":-0.0178376417607069,"y":0.9818375706672669,"z":-0.14569027721881867,"w":-0.120213083922863},"size":17.155981063842775,"orthographic":false}