{"cameraMode":{"drawMode":0,"name":"Shaded","section":"Shading Mode"},"sceneLighting":false,"audioPlay":false,"sceneViewState":{"showFog":true,"showMaterialUpdate":false,"showSkybox":true,"showFlares":true,"showImageEffects":true,"showParticleSystems":true},"in2DMode":false,"pivot":{"x":-0.13622082769870759,"y":4.660398960113525,"z":-0.12171890586614609},"rotation":{"x":0.045963265001773837,"y":-0.5657174587249756,"z":0.031606148928403857,"w":0.8227102756500244},"size":20.579051971435548,"orthographic":false}