{"cameraMode":{"drawMode":0,"name":"Shaded","section":"Shading Mode"},"sceneLighting":false,"audioPlay":false,"sceneViewState":{"showFog":true,"showMaterialUpdate":false,"showSkybox":true,"showFlares":true,"showImageEffects":true,"showParticleSystems":true},"in2DMode":false,"pivot":{"x":-5.337302207946777,"y":6.300000190734863,"z":0.6274721622467041},"rotation":{"x":0.1780751347541809,"y":0.4907429814338684,"z":-0.10322137922048569,"w":0.8466439843177795},"size":2.8578836917877199,"orthographic":false}