{"cameraMode":{"drawMode":0,"name":"Shaded","section":"Shading Mode"},"sceneLighting":false,"audioPlay":false,"sceneViewState":{"showFog":true,"showMaterialUpdate":false,"showSkybox":true,"showFlares":true,"showImageEffects":true,"showParticleSystems":true},"in2DMode":false,"pivot":{"x":-35.02351379394531,"y":10.557124137878418,"z":-1.4518954753875733},"rotation":{"x":0.10081380605697632,"y":0.15928000211715699,"z":-0.0163559727370739,"w":0.9819363355636597},"size":14.131880760192871,"orthographic":false}