{"cameraMode":{"drawMode":0,"name":"Shaded","section":"Shading Mode"},"sceneLighting":false,"audioPlay":false,"sceneViewState":{"showFog":true,"showMaterialUpdate":false,"showSkybox":true,"showFlares":true,"showImageEffects":true,"showParticleSystems":true},"in2DMode":false,"pivot":{"x":0.9875316619873047,"y":2.570802688598633,"z":0.6871509552001953},"rotation":{"x":0.1780751347541809,"y":0.4907429814338684,"z":-0.10322137922048569,"w":0.8466439843177795},"size":57.04901123046875,"orthographic":false}