{"cameraMode":{"drawMode":0,"name":"Shaded","section":"Shading Mode"},"sceneLighting":false,"audioPlay":false,"sceneViewState":{"showFog":true,"showMaterialUpdate":false,"showSkybox":true,"showFlares":true,"showImageEffects":true,"showParticleSystems":true},"in2DMode":false,"pivot":{"x":2.4645190238952638,"y":2.7096705436706545,"z":-0.4662987291812897},"rotation":{"x":0.08468026667833328,"y":-0.7765456438064575,"z":0.10690876096487045,"w":0.6151233315467835},"size":31.376188278198243,"orthographic":false}