{"cameraMode":{"drawMode":0,"name":"Shaded","section":"Shading Mode"},"sceneLighting":false,"audioPlay":false,"sceneViewState":{"showFog":true,"showMaterialUpdate":false,"showSkybox":true,"showFlares":true,"showImageEffects":true,"showParticleSystems":true},"in2DMode":false,"pivot":{"x":-2.51754093170166,"y":0.1710193157196045,"z":4.0024495124816898},"rotation":{"x":0.07055435329675675,"y":-0.9210697412490845,"z":0.19833694398403169,"w":0.3275899291038513},"size":20.974308013916017,"orthographic":false}