{"cameraMode":{"drawMode":0,"name":"Shaded","section":"Shading Mode"},"sceneLighting":false,"audioPlay":false,"sceneViewState":{"showFog":true,"showMaterialUpdate":false,"showSkybox":true,"showFlares":true,"showImageEffects":true,"showParticleSystems":true},"in2DMode":false,"pivot":{"x":-35.02351379394531,"y":10.557124137878418,"z":-1.4518954753875733},"rotation":{"x":0.32149985432624819,"y":-0.03889182209968567,"z":0.01320370752364397,"w":0.9460185170173645},"size":6.4603681564331059,"orthographic":false}