{"cameraMode":{"drawMode":0,"name":"Shaded","section":"Shading Mode"},"sceneLighting":false,"audioPlay":false,"sceneViewState":{"showFog":true,"showMaterialUpdate":false,"showSkybox":true,"showFlares":true,"showImageEffects":true,"showParticleSystems":true},"in2DMode":false,"pivot":{"x":-116.9622802734375,"y":0.1672038733959198,"z":-21.107938766479493},"rotation":{"x":-0.0001400506153004244,"y":-0.9998593330383301,"z":0.012308410368859768,"w":-0.011392505839467049},"size":3.5099055767059328,"orthographic":false}