{"cameraMode":{"drawMode":0,"name":"Shaded","section":"Shading Mode"},"sceneLighting":false,"audioPlay":false,"sceneViewState":{"showFog":true,"showMaterialUpdate":false,"showSkybox":true,"showFlares":true,"showImageEffects":true,"showParticleSystems":true},"in2DMode":false,"pivot":{"x":-0.01979351043701172,"y":2.78480863571167,"z":-2.1971747875213625},"rotation":{"x":0.3446965217590332,"y":-0.5502036213874817,"z":0.26617440581321719,"w":0.7124686241149902},"size":29.433687210083009,"orthographic":false}