{"cameraMode":{"drawMode":0,"name":"Shaded","section":"Shading Mode"},"sceneLighting":false,"audioPlay":false,"sceneViewState":{"showFog":true,"showMaterialUpdate":false,"showSkybox":true,"showFlares":true,"showImageEffects":true,"showParticleSystems":true},"in2DMode":false,"pivot":{"x":-5.337302207946777,"y":-5.266711711883545,"z":0.6274721622467041},"rotation":{"x":-0.010278444737195969,"y":-0.9798792600631714,"z":0.19232399761676789,"w":-0.0523691289126873},"size":66.52388000488281,"orthographic":false}