{"cameraMode":{"drawMode":0,"name":"Shaded","section":"Shading Mode"},"sceneLighting":true,"audioPlay":false,"sceneViewState":{"showFog":true,"showMaterialUpdate":false,"showSkybox":true,"showFlares":true,"showImageEffects":true,"showParticleSystems":true},"in2DMode":false,"pivot":{"x":-4.964428901672363,"y":-25.312381744384767,"z":34.66465377807617},"rotation":{"x":-0.47845301032066347,"y":-0.28801509737968447,"z":0.1698022484779358,"w":-0.8119712471961975},"size":87.32849884033203,"orthographic":false}