{"cameraMode":{"drawMode":0,"name":"Shaded","section":"Shading Mode"},"sceneLighting":true,"audioPlay":false,"sceneViewState":{"showFog":true,"showMaterialUpdate":false,"showSkybox":true,"showFlares":true,"showImageEffects":true,"showParticleSystems":true},"in2DMode":false,"pivot":{"x":684.38232421875,"y":190.42630004882813,"z":3.864858627319336},"rotation":{"x":-0.005689138546586037,"y":0.015308745205402375,"z":0.00008631452510599047,"w":0.9998666048049927},"size":458.1849365234375,"orthographic":false}